Mês,Aporte do Mês,Total Investido,Juros do Mês,Juros Acumulados,Saldo Final
1,1000.00,11000.00,80.00,80.00,11080.00
2,1000.00,12000.00,88.64,168.64,12168.64
3,1000.00,13000.00,97.35,265.99,13265.99
4,1000.00,14000.00,106.13,372.12,14372.12
5,1000.00,15000.00,114.98,487.09,15487.09
6,1000.00,16000.00,123.90,610.99,16610.99
7,1000.00,17000.00,132.89,743.88,17743.88
8,1000.00,18000.00,141.95,885.83,18885.83
9,1000.00,19000.00,151.09,1036.92,20036.92
10,1000.00,20000.00,160.30,1197.21,21197.21
11,1000.00,21000.00,169.58,1366.79,22366.79
12,1000.00,22000.00,178.93,1545.72,23545.72
13,1000.00,23000.00,188.37,1734.09,24734.09
14,1000.00,24000.00,197.87,1931.96,25931.96
15,1000.00,25000.00,207.46,2139.42,27139.42
16,1000.00,26000.00,217.12,2356.53,28356.53
17,1000.00,27000.00,226.85,2583.39,29583.39
18,1000.00,28000.00,236.67,2820.05,30820.05
19,1000.00,29000.00,246.56,3066.61,32066.61
20,1000.00,30000.00,256.53,3323.15,33323.15
21,1000.00,31000.00,266.59,3589.73,34589.73
22,1000.00,32000.00,276.72,3866.45,35866.45
23,1000.00,33000.00,286.93,4153.38,37153.38
24,1000.00,34000.00,297.23,4450.61,38450.61
25,1000.00,35000.00,307.60,4758.21,39758.21
26,1000.00,36000.00,318.07,5076.28,41076.28
27,1000.00,37000.00,328.61,5404.89,42404.89
28,1000.00,38000.00,339.24,5744.13,43744.13
29,1000.00,39000.00,349.95,6094.08,45094.08
30,1000.00,40000.00,360.75,6454.83,46454.83
31,1000.00,41000.00,371.64,6826.47,47826.47
32,1000.00,42000.00,382.61,7209.08,49209.08
33,1000.00,43000.00,393.67,7602.76,50602.76
34,1000.00,44000.00,404.82,8007.58,52007.58
35,1000.00,45000.00,416.06,8423.64,53423.64
36,1000.00,46000.00,427.39,8851.03,54851.03
37,1000.00,47000.00,438.81,9289.84,56289.84
38,1000.00,48000.00,450.32,9740.15,57740.15
39,1000.00,49000.00,461.92,10202.08,59202.08
40,1000.00,50000.00,473.62,10675.69,60675.69
41,1000.00,51000.00,485.41,11161.10,62161.10
42,1000.00,52000.00,497.29,11658.39,63658.39
43,1000.00,53000.00,509.27,12167.65,65167.65
44,1000.00,54000.00,521.34,12689.00,66689.00
45,1000.00,55000.00,533.51,13222.51,68222.51
46,1000.00,56000.00,545.78,13768.29,69768.29
47,1000.00,57000.00,558.15,14326.43,71326.43
48,1000.00,58000.00,570.61,14897.05,72897.05
49,1000.00,59000.00,583.18,15480.22,74480.22
50,1000.00,60000.00,595.84,16076.06,76076.06
51,1000.00,61000.00,608.61,16684.67,77684.67
52,1000.00,62000.00,621.48,17306.15,79306.15
53,1000.00,63000.00,634.45,17940.60,80940.60
54,1000.00,64000.00,647.52,18588.12,82588.12
55,1000.00,65000.00,660.70,19248.83,84248.83
56,1000.00,66000.00,673.99,19922.82,85922.82
57,1000.00,67000.00,687.38,20610.20,87610.20
58,1000.00,68000.00,700.88,21311.08,89311.08
59,1000.00,69000.00,714.49,22025.57,91025.57
60,1000.00,70000.00,728.20,22753.78,92753.78
61,1000.00,71000.00,742.03,23495.81,94495.81
62,1000.00,72000.00,755.97,24251.77,96251.77
63,1000.00,73000.00,770.01,25021.79,98021.79
64,1000.00,74000.00,784.17,25805.96,99805.96
65,1000.00,75000.00,798.45,26604.41,101604.41
66,1000.00,76000.00,812.84,27417.24,103417.24
67,1000.00,77000.00,827.34,28244.58,105244.58
68,1000.00,78000.00,841.96,29086.54,107086.54
69,1000.00,79000.00,856.69,29943.23,108943.23
70,1000.00,80000.00,871.55,30814.78,110814.78
71,1000.00,81000.00,886.52,31701.30,112701.30
72,1000.00,82000.00,901.61,32602.91,114602.91
73,1000.00,83000.00,916.82,33519.73,116519.73
74,1000.00,84000.00,932.16,34451.89,118451.89
75,1000.00,85000.00,947.62,35399.50,120399.50
76,1000.00,86000.00,963.20,36362.70,122362.70
77,1000.00,87000.00,978.90,37341.60,124341.60
78,1000.00,88000.00,994.73,38336.33,126336.33
79,1000.00,89000.00,1010.69,39347.02,128347.02
80,1000.00,90000.00,1026.78,40373.80,130373.80
81,1000.00,91000.00,1042.99,41416.79,132416.79
82,1000.00,92000.00,1059.33,42476.12,134476.12
83,1000.00,93000.00,1075.81,43551.93,136551.93
84,1000.00,94000.00,1092.42,44644.35,138644.35
85,1000.00,95000.00,1109.15,45753.50,140753.50
86,1000.00,96000.00,1126.03,46879.53,142879.53
87,1000.00,97000.00,1143.04,48022.57,145022.57
88,1000.00,98000.00,1160.18,49182.75,147182.75
89,1000.00,99000.00,1177.46,50360.21,149360.21
90,1000.00,100000.00,1194.88,51555.09,151555.09
91,1000.00,101000.00,1212.44,52767.53,153767.53
92,1000.00,102000.00,1230.14,53997.67,155997.67
93,1000.00,103000.00,1247.98,55245.65,158245.65
94,1000.00,104000.00,1265.97,56511.62,160511.62
95,1000.00,105000.00,1284.09,57795.71,162795.71
96,1000.00,106000.00,1302.37,59098.08,165098.08
97,1000.00,107000.00,1320.78,60418.86,167418.86
98,1000.00,108000.00,1339.35,61758.21,169758.21
99,1000.00,109000.00,1358.07,63116.28,172116.28
100,1000.00,110000.00,1376.93,64493.21,174493.21
101,1000.00,111000.00,1395.95,65889.15,176889.15
102,1000.00,112000.00,1415.11,67304.27,179304.27
103,1000.00,113000.00,1434.43,68738.70,181738.70
104,1000.00,114000.00,1453.91,70192.61,184192.61
105,1000.00,115000.00,1473.54,71666.15,186666.15
106,1000.00,116000.00,1493.33,73159.48,189159.48
107,1000.00,117000.00,1513.28,74672.76,191672.76
108,1000.00,118000.00,1533.38,76206.14,194206.14
109,1000.00,119000.00,1553.65,77759.79,196759.79
110,1000.00,120000.00,1574.08,79333.87,199333.87
111,1000.00,121000.00,1594.67,80928.54,201928.54
112,1000.00,122000.00,1615.43,82543.97,204543.97
113,1000.00,123000.00,1636.35,84180.32,207180.32
114,1000.00,124000.00,1657.44,85837.76,209837.76
115,1000.00,125000.00,1678.70,87516.46,212516.46
116,1000.00,126000.00,1700.13,89216.59,215216.59
117,1000.00,127000.00,1721.73,90938.33,217938.33
118,1000.00,128000.00,1743.51,92681.83,220681.83
119,1000.00,129000.00,1765.45,94447.29,223447.29
120,1000.00,130000.00,1787.58,96234.87,226234.87